first,last,age,city,email
Matilda,Rios,63,Lolkofo,seh@ag.ax
Jeffery,Morgan,39,Omesohuj,duhkak@devpetle.su
Mae,Russell,25,Tecmosop,ga@fibniati.iq
Callie,Haynes,38,Wicosita,wag@ujsiv.kr
Brandon,Wolfe,57,Wubrosbil,kopibob@le.bd
Don,Mendoza,49,Cihajzop,gev@gianogis.ie
Adam,Moreno,33,Hameces,jo@wopof.pa
Olga,Brady,27,Lohozaj,sedwolsum@wubpenvov.lr
Hulda,Cobb,53,Uspanro,ifuufa@tiiwamaz.rw
Rosetta,Austin,29,Fahbipo,dem@fufnuzel.lv
Julian,Romero,56,Hewpowosi,otbubhok@ho.se
Esther,Garcia,56,Hiaborim,feidusi@aturew.af
Mayme,Schultz,24,Sosojwov,diz@juac.no
Gerald,Abbott,43,Ewumajke,ub@kuh.tz
Harry,Rose,36,Buoginu,dufadotum@ico.mx
Elva,Dennis,41,Tirabge,heb@guji.na
Maud,Frazier,49,Duwocese,wedizu@lemrugto.me
Amy,Strickland,27,Ruczewop,mahuveh@ditasi.pl
Isaiah,Rogers,41,Tezolobo,utemij@da.tv
Lina,Ruiz,47,Temillo,lolefbut@ufwe.tz
Harry,Garcia,58,Lokzemcod,jomiewa@fakor.uz
Ethel,Moss,56,Kicuvwi,sa@sazo.ps
Claudia,Murray,51,Vodiiwu,jesudo@nol.tc
Christopher,White,35,Gunasko,la@ina.gd
Isabel,Myers,52,Nifabedi,ige@mu.gp
Nathaniel,Floyd,51,Kimolid,gosiza@julo.tf
Lydia,Goodman,56,Zapinib,givsuktaz@huffus.gh
Isabel,Love,39,Ajzakiju,cer@kuowfut.cf
Cole,Chambers,20,Wokgido,ow@ebufisop.ma
Dale,Benson,51,Dasbegi,imanelge@go.jp
Owen,Schultz,21,Hedadot,rahazi@jag.bz
Duane,Marshall,19,Koisepin,sefsodob@uktuggiv.as
Oscar,Reed,35,Wekolnu,olohoci@hek.vg
Jimmy,Ball,35,Huhpaluv,vi@ja.mp
Cody,Klein,38,Puvvaov,ulti@webmir.af
Annie,Hunter,28,Doswevkat,okatoda@zemi.ad
Mabel,Mathis,24,Uglupcoj,katoz@ukenetel.aw
Lura,Reed,60,Ecudioh,ez@caarbi.pl
Warren,Stewart,25,Kohfesiw,zimomwo@raktesaj.tl
Lucille,Leonard,61,Ocuamheg,uhgukit@cipi.ws
Floyd,Clayton,27,Nuhita,vedgig@lubupti.ye
Wesley,Waters,65,Wopijloz,akivaira@matvil.dk
Bertie,Klein,37,Arekawmit,lucuj@zi.at
Pauline,Ballard,20,Kaodemud,ger@da.ar
Lucy,Marshall,50,Tinakgij,gu@ejfauv.jp
Owen,Owen,60,Kodosek,viwgarsu@le.sd
Nathaniel,Mitchell,44,Tegapiane,oveva@ni.ru
Alice,Shaw,46,Kohcepfin,ol@babu.net
Gerald,Gibbs,32,Hacnotez,jisikfek@birhi.ch
Isaiah,Santos,29,Hetacbu,vekpistuh@jecre.rw
Olive,George,29,Wigreogo,okiuhre@gade.ba
Walter,Henry,31,Hejsoan,vikucefe@kiw.gov
Lucy,Huff,26,Melzizja,jac@ci.sk
Earl,Welch,58,Iftico,riveil@enunuv.cx
Harold,Gonzalez,31,Nimedhu,mugka@dekuwrib.sh
Justin,Hudson,52,Cobezami,akjolo@vu.net
Amelia,Hubbard,41,Zibablap,rupojati@eme.qa
Ollie,Leonard,34,Tikonro,rudfah@bo.eu
Mike,Jenkins,62,Zitujov,bu@wainze.vc
Betty,Garza,32,Nosetola,gadrejlin@tujaace.yt
Andre,Fitzgerald,46,Kijaecu,pamo@ejeesi.bs
Lelia,Hoffman,28,Doamjuw,su@ikahut.eh
Verna,Reynolds,41,Elaepguw,ur@rampil.tm
Ollie,Bowman,62,Nipaazu,notmod@coz.kg
Elsie,Gross,48,Voilfe,oseere@jaguvkuf.pr
Addie,Herrera,42,Nezigerit,no@hok.et
Bessie,Banks,56,Tedezu,ficife@vegic.cw
Christian,Hernandez,41,Awemohnu,et@idjuztib.ir
Genevieve,Higgins,19,Paesoele,sit@cov.tg
Garrett,Casey,37,Jiadsub,wag@buwjo.eu
Phoebe,Morales,36,Povurger,tetode@ga.kn
Agnes,Figueroa,37,Vudolne,nu@haige.vn
Tony,Watkins,58,Atorudroh,ejoahca@cemvupcum.mu
Lura,Collins,58,Riwikgu,keh@if.ma
Gordon,Newman,64,Hurdudu,jifac@uneewocu.bh
Jack,Daniels,49,Zacecrov,tofetogo@ojoduv.il
Alfred,Joseph,48,Tocubfus,sihul@zejow.cm
Hallie,Romero,24,Ubnalac,bopti@hutimo.pk
Harriet,Miles,55,Okehawil,ogu@fiz.pt
Alice,Cruz,53,Tekeap,je@wiebdo.tc
Marian,Owen,30,Heravruf,ki@vul.tv
Jeffrey,Waters,65,Pungocog,leh@as.in
Stephen,Rios,40,Zehaeb,sumooji@za.sj
Jared,Little,28,Fagteub,cu@vo.eh
Sam,Allen,28,Vedilid,ha@vibarasa.ar
Tillie,Shaw,44,Tozreni,feama@ked.ad
Georgia,Copeland,43,Hinaiga,jiho@lucrifuh.mv
Jeffrey,Parker,54,Roolokes,revdo@subotah.pn
Eric,Ford,58,Rowcompa,acaponvuv@pa.gr
Lena,Luna,18,Hacukpu,ijrodpu@mero.gw
Lina,Diaz,49,Kunomol,ijofo@secsefiw.sg
Samuel,Buchanan,40,Wokijnig,wiohi@mawoeh.gg
Jeff,Austin,38,Asesurir,lozujo@ka.bv
Jayden,Black,36,Jevahbu,wevez@cis.cz
Gertrude,Chapman,49,Puzbuuzo,ama@kete.tc
Bernard,Briggs,21,Gijhake,ab@gaj.cy
Bertie,Marshall,22,Wifonato,zefno@lisijeg.io
Blake,Myers,63,Ovitotra,feh@icwoeci.ht
Margaret,Osborne,37,Koemeate,kozu@revtapril.uz
Jennie,Palmer,52,Cahogwi,rege@bev.cu
